{
    "patterns": [
        {
            "startIndex": 0,
            "arcLength": 10,
            "isSymmetric": true,
            "isClockwise": true,
            "sourceRadius": 0.6499999761581421,
            "targetRadius": 0.6499999761581421,
            "moveSpeed": 5.0,
            "spawnInterval": 0.10000000149011612,
            "noteType": 1
        }
    ]
}